450465,Glass
424694,Bohemian Rhapsody
480530,Creed II
401469,Widows
483906,Polar
504172,The Mule
332562,A Star Is Born
433249,IO
369972,First Man
452832,Serenity
465914,If Beale Street Could Talk
505954,Т-34
337167,Fifty Shades Freed
401847,Can You Ever Forgive Me?
375262,The Favourite
490132,Green Book
405774,Bird Box
429197,Vice
440626,Собибор
399360,Alpha
487558,BlacKkKlansman
414919,Hart Beat
446021,Bad Times at the El Royale
426426,Roma
500852,Miss Bala
263115,Logan
484247,A Simple Favor
169917,A Walk Among the Tombstones
443055,Love of My Life
489999,Searching
520360,King of Thieves
155,The Dark Knight
157336,Interstellar
451915,Beautiful Boy
400535,Sicario: Day of the Soldado
315635,Spider-Man: Homecoming
210577,Gone Girl
8966,Twilight
470044,The Hate U Give
475132,A Private War
516716,Milly & Mamet
417261,Forever My Girl
447332,A Quiet Place
407436,Mowgli: Legend of the Jungle
49026,The Dark Knight Rises
316029,The Greatest Showman
150540,Inside Out
399055,The Shape of Water
205596,The Imitation Game
272,Batman Begins
458594,Peppermint
466411,Speed Kills
491472,At Eternity's Gate
241554,Run All Night
286217,The Martian
361292,Suspiria
49017,Dracula Untold
455207,Crazy Rich Asians
65754,The Girl with the Dragon Tattoo
374720,Dunkirk
11321,Seven Pounds
537996,The Ballad of Buster Scruggs
398818,Call Me by Your Name
375785,Then Came You
281957,The Revenant
16869,Inglourious Basterds
546765,雪の華
1949,Zodiac
350,The Devil Wears Prada
244786,Whiplash
533148,Ek Ladki Ko Dekha Toh Aisa Laga
440472,The Upside
11324,Shutter Island
571419,Спасти Ленинград
568709,Preman Pensiun
216015,Fifty Shades of Grey
433288,1%
381284,Hidden Figures
307081,Southpaw
194662,Birdman
419743,Disobedience
514933,Русский Бес
566512,Crucible of the Vampire
242582,Nightcrawler
150689,Cinderella
334543,Lion
462391,ஆண் தேவதை
566100,Keluarga Cemara
340613,The Wife
62764,Mirror Mirror
401545,Todos lo saben
433498,Papillon
49047,Gravity
458737,First Reformed
392044,Murder on the Orient Express
395990,Death Wish
61791,Rise of the Planet of the Apes
438145,Black '47
18239,The Twilight Saga: New Moon
254128,San Andreas
228150,Fury
329865,Arrival
572667,Terlalu Tampan
11130,The Princess Diaries 2: Royal Engagement
454227,Outlaw King
398173,The House That Jack Built
381283,mother!
372058,君の名は。
68718,Django Unchained
391713,Lady Bird
147441,Exodus: Gods and Kings
359940,"Three Billboards Outside Ebbing, Missouri"
489930,Blindspotting
264660,Ex Machina
106646,The Wolf of Wall Street
324786,Hacksaw Ridge
313369,La La Land
168259,Furious 7
457136,Mary Queen of Scots
273248,The Hateful Eight
440161,The Sisters Brothers
440298,Zimna wojna
455980,Tag
484436,Ánimas
281338,War for the Planet of the Apes
425972,Cargo
472451,Boy Erased
120467,The Grand Budapest Hotel
429415,Extinction
312221,Creed
399905,여자전쟁: 비열한 거래
559770,twelves.
168508,Something in the Way
389015,"I, Tonya"
525946,Troop Zero
468362,The Angel
315837,Ghost in the Shell
395834,Wind River
438808,White Boy Rick
273481,Sicario
341174,Fifty Shades Darker
335797,Sing
487670,The Death of Superman
500919,211
449176,"Love, Simon"
1422,The Departed
459910,Braven
419478,Midnight Sun
446101,Assassination Nation
346672,Underworld: Blood Wars
38,Eternal Sunshine of the Spotless Mind
176147,Heimliche Liebe - Der Schüler und die Postbotin
399404,Darkest Hour
50620,The Twilight Saga: Breaking Dawn - Part 2
530442,"My Teacher, My Obsession"
53182,300: Rise of an Empire
11036,The Notebook
419831,I Kill Giants
399170,Logan Lucky
570168,Unheimlich perfekte Freunde
504437,சர்வம் தாளமயம்
400617,Phantom Thread
429351,12 Strong
489931,American Animals
1402,The Pursuit of Happyness
395841,Hold the Dark
146233,Prisoners
112160,Chroniques sexuelles d'une famille d'aujourd'hui
448776,A Prayer Before Dawn
58595,Snow White and the Huntsman
449924,葉問4
400579,Tully
64682,The Great Gatsby
154400,The Drop
6977,No Country for Old Men
406990,What Happened to Monday
429203,The Old Man & the Gun
201088,Blackhat
787,Mr. & Mrs. Smith
64690,Drive
433683,Қазақ хандығы. Алмас қылыш
401905,Fahrenheit 451
485164,Pearl
569547,Black Mirror: Bandersnatch
73881,La fonte des neiges
396371,Molly's Game
432301,Chappaquiddick
460071,Lizzie
464502,Acrimony
4922,The Curious Case of Benjamin Button
28178,Hachi: A Dog's Tale
119450,Dawn of the Planet of the Apes
24021,The Twilight Saga: Eclipse
491584,버닝
449459,The Vanishing
258216,Nymphomaniac: Vol. I
414191,Our House
384680,Hostiles
17979,A Christmas Carol
557648,Rent
476292,さよならの朝に約束の花をかざろう
406997,Wonder
370663,Below Her Mouth
171274,Inherent Vice
575185,Den gula jackan
446354,The Post
222935,The Fault in Our Stars
379149,The Foreigner
220882,London Fields
652,Troy
515916,Girl
363676,Sully
301337,Downsizing
1124,The Prestige
399057,The Killing of a Sacred Deer
333371,10 Cloverfield Lane
511404,Les Estivants
77338,Intouchables
293863,The Age of Adaline
59440,Warrior
274857,King Arthur: Legend of the Sword
467952,The Catcher Was a Spy
82695,Les Misérables
339103,Gotti
395992,Life
372343,The Snowman
470229,Summer of 84
507076,Climax
122906,About Time
278927,The Jungle Book
12783,The Duchess
565391,The Tomorrow Man
283366,Miss Peregrine's Home for Peculiar Children
27,9 Songs
76203,12 Years a Slave
470894,At First Light
542424,Ulysse & Mona
1417,El laberinto del fauno
376867,Moonlight
84892,The Perks of Being a Wallflower
23168,The Town
254,King Kong
332567,The Shallows
462919,Sierra Burgess Is a Loser
500475,SuperFly
13374,Ice Princess
398181,You Were Never Really Here
2502,The Bourne Supremacy
50646,"Crazy, Stupid, Love."
72190,World War Z
429417,Ghost Stories
38810,Κυνόδοντας
518731,L'amour debout
505192,万引き家族
340666,Nocturnal Animals
474354,22 July
44214,Black Swan
20662,Robin Hood
443009,"Don't Worry, He Won't Get Far on Foot"
295011,Patient Zero
486947,Den skyldige
314365,Spotlight
340674,Dark Crimes
418827,젊은 형부
502682,Book Club
446791,All the Money in the World
2567,The Aviator
296524,Deepwater Horizon
453201,The 15:17 to Paris
274479,Joy
64686,47 Ronin
353326,The Man Who Knew Infinity
110415,Snowpiercer
492258,Cocaine Godmother
20497,Ballet Shoes
491622,iमणिकर्णिका
14574,The Boy in the Striped Pyjamas
396461,Under the Silver Lake
3432,Mr. Brooks
426613,The Miseducation of Cameron Post
532869,NGK
10184,He's Just Not That Into You
395991,Only the Brave
388,Inside Man
503346,Occupation
44264,True Grit
371638,The Disaster Artist
484638,L'Intervention
14047,The Great Debaters
261470,Perdona si te llamo amor
451925,Time Freak
346685,The Girl on the Train
39254,Real Steel
302946,The Accountant
339692,Shot Caller
489929,Destination Wedding
1164,Babel
152601,Her
142,Brokeback Mountain
6479,I Am Legend
4964,Knocked Up
412862,ராட்சசன்
37799,The Social Network
334541,Manchester by the Sea
362826,Wildling
1538,Collateral
338766,Hell or High Water
13223,Gran Torino
7840,"10,000 BC"
455108,The Little Stranger
454652,Colette
82693,Silver Linings Playbook
124905,Godzilla
4348,Pride & Prejudice
385448,The Little Mermaid
2503,The Bourne Ultimatum
393519,Grave
1579,Apocalypto
12289,赤壁
460555,红海行动
15472,Män som hatar kvinnor
9762,Step Up
121046,Eternity
207932,Inferno
429200,Good Time
13127,殺破狼
168672,American Hustle
38575,The Karate Kid
4349,The Kingdom
7211,Dan in Real Life
45269,The King's Speech
381289,A Dog's Purpose
7980,The Lovely Bones
576503,Wasteland
483184,Dogman
13811,Knowing
198277,Begin Again
7345,There Will Be Blood
296096,Me Before You
4982,American Gangster
41233,Step Up 3D
470333,Hearts Beat Loud
416477,The Big Sick
438650,Cold Pursuit
68734,Argo
445954,Acts of Vengeance
8456,Never Back Down
465136,Every Day
318846,The Big Short
265208,Wild Card
